{"main":"american-flights-api.raml","name":"American Flights API 11","organizationId":"91fe2417-d77e-4bc6-9e6e-951b2d9aca87","groupId":"91fe2417-d77e-4bc6-9e6e-951b2d9aca87","assetId":"american-flights-api-11","version":"1.0.1","metadata":{"branchId":"master","commitId":"6b3b4c9d7f05f9306b6d014f9dbecc860aeb9d40","projectId":"3d1c7f26-dbc8-4bce-85b3-e8fb56bd6f61"},"apiVersion":"v1","classifier":"raml","dependencies":[{"assetId":"training-american-flights-example","groupId":"68ef9520-24e9-4cf2-b2f5-620025690913","version":"1.0.1"},{"assetId":"training-american-flight-data-type","groupId":"68ef9520-24e9-4cf2-b2f5-620025690913","version":"1.0.1"}],"tags":[],"originalFormatVersion":"1.0"}